Profile,Account,Status
account010474059410,010474059410,Success
account027057327921,027057327921,Success
account030332409480,030332409480,Success
account143237116399,143237116399,Success
account182474764393,182474764393,Success
account302791467987,302791467987,Success
account412638444749,412638444749,Success
account430596434606,430596434606,Success
account502966642495,502966642495,Success
account503095242877,503095242877,Success
account503668926494,503668926494,Success
account526578843223,526578843223,Success
account613428962328,613428962328,Success
account644348495995,644348495995,Success
account742069625158,742069625158,Success
account749919732152,749919732152,Success
account764897823219,764897823219,Success
account789893824481,789893824481,Success
account828585044836,828585044836,Success
account867027724345,867027724345,Success
account927721130786,927721130786,Success
account958396859964,958396859964,Success
account968130737873,968130737873,Success
account992382650724,992382650724,Success
